{"coefficients": [0.8846510617594483, 0.3006546578434596, 0.0013834813944851416], "intercept": -2.5637404718315527e-16}