{"mean_squared_error": 0.09800120121226605, "r2_score": 0.9019987987877339}