{"mean_squared_error": 0.10467117747059337, "r2_score": 0.9059011844150826}